<?xml version="1.0" encoding="UTF-8" ?>
<!DOCTYPE configuration
        PUBLIC "-//mybatis.org//DTD Config 3.0//EN"
        "https://mybatis.org/dtd/mybatis-3-config.dtd">
<configuration>
    <environments default="development">
        <environment id="development">
            <transactionManager type="JDBC"/>
            <dataSource type="POOLED">
                <!--数据库连接信息-->
                <property name="driver" value="com.mysql.jdbc.Driver"/>
                <property name="url" value="jdbc:mysql:///mybatis?useSSl=false"/>
                <property name="username" value="root"/>
                <property name="password" value="3347"/>
            </dataSource>
        </environment>
    </environments>
    <mappers>
        <!--sql映射文件路径-->
        <mapper resource="UserMapper.xml"/>
    </mappers>
</configuration>